Model,Type,Accuracy,Precision,Recall,F1-Score,ROC-AUC
LightGBM + Fuzzy,Hybrid,0.7573836142165861,0.4632183908045977,0.6078431372549019,0.5257664709719504,0.7704511894916362
XGBoost + Fuzzy,Hybrid,0.7585516435841816,0.46496815286624205,0.6055806938159879,0.526039960694399,0.768980302311955
XGBoost,Baseline,0.7567161688636743,0.4617169373549884,0.6003016591251885,0.5219672131147541,0.7678969924901937
LightGBM,Baseline,0.7528783580844318,0.4559909142532652,0.6055806938159879,0.5202461937155815,0.7677194841609569
RF + Fuzzy,Hybrid,0.7825796762890038,0.5079255685733977,0.5558069381598794,0.5307886208138278,0.7665777589900656
Random Forest,Baseline,0.7780744201568497,0.49862637362637363,0.5475113122171946,0.5219266714593818,0.7651756290193881
Logistic Regression,Baseline,0.7745703320540631,0.49155975692099935,0.5490196078431373,0.5187032418952618,0.7524189448652827
LR + Fuzzy,Hybrid,0.774737193392291,0.49193548387096775,0.5520361990950227,0.5202558635394456,0.751355510805466
