{
  "roc_auc": 0.7733112554266834,
  "pr_auc": 0.5496376854045794,
  "brier": 0.1729820333325354,
  "ks": 0.4231246505643944,
  "model": "LightGBM"
}