{
  "roc_auc": 0.7743796192625435,
  "pr_auc": 0.5477405871146438,
  "brier": 0.17245195094880766,
  "ks": 0.42345281968227755
}