{
  "roc_auc": 0.7701235802654091,
  "pr_auc": 0.5485435760484665,
  "brier": 0.16871326038686985,
  "ks": 0.4208442380356554
}