{
  "roc_auc": 0.7700436747136099,
  "pr_auc": 0.549809679825023,
  "brier": 0.16960790683198812,
  "ks": 0.4144138972122719
}