{
  "roc_auc": 0.7712424998842942,
  "pr_auc": 0.5524096019394651,
  "brier": 0.16871321511602616,
  "ks": 0.414675142406852
}