{
  "timestamp": "2025-10-10T03:02:10.382306",
  "dataset": "UCI Taiwan Credit Card Default",
  "train_size": 23971,
  "test_size": 5993,
  "baseline_models": {
    "Logistic Regression": {
      "Accuracy": 0.7745703320540631,
      "Precision": 0.49155975692099935,
      "Recall": 0.5490196078431373,
      "F1-Score": 0.5187032418952618,
      "ROC-AUC": 0.7524189448652827
    },
    "Random Forest": {
      "Accuracy": 0.7780744201568497,
      "Precision": 0.49862637362637363,
      "Recall": 0.5475113122171946,
      "F1-Score": 0.5219266714593818,
      "ROC-AUC": 0.7651756290193881
    },
    "XGBoost": {
      "Accuracy": 0.7567161688636743,
      "Precision": 0.4617169373549884,
      "Recall": 0.6003016591251885,
      "F1-Score": 0.5219672131147541,
      "ROC-AUC": 0.7678969924901937
    },
    "LightGBM": {
      "Accuracy": 0.7528783580844318,
      "Precision": 0.4559909142532652,
      "Recall": 0.6055806938159879,
      "F1-Score": 0.5202461937155815,
      "ROC-AUC": 0.7677194841609569
    }
  },
  "hybrid_models": {
    "LR + Fuzzy": {
      "Accuracy": 0.774737193392291,
      "Precision": 0.49193548387096775,
      "Recall": 0.5520361990950227,
      "F1-Score": 0.5202558635394456,
      "ROC-AUC": 0.751355510805466
    },
    "RF + Fuzzy": {
      "Accuracy": 0.7825796762890038,
      "Precision": 0.5079255685733977,
      "Recall": 0.5558069381598794,
      "F1-Score": 0.5307886208138278,
      "ROC-AUC": 0.7665777589900656
    },
    "XGBoost + Fuzzy": {
      "Accuracy": 0.7585516435841816,
      "Precision": 0.46496815286624205,
      "Recall": 0.6055806938159879,
      "F1-Score": 0.526039960694399,
      "ROC-AUC": 0.768980302311955
    },
    "LightGBM + Fuzzy": {
      "Accuracy": 0.7573836142165861,
      "Precision": 0.4632183908045977,
      "Recall": 0.6078431372549019,
      "F1-Score": 0.5257664709719504,
      "ROC-AUC": 0.7704511894916362
    }
  }
}